{"cameraMode":{"drawMode":0,"name":"Shaded","section":"Shading Mode"},"sceneLighting":true,"audioPlay":false,"sceneViewState":{"showFog":true,"showMaterialUpdate":false,"showSkybox":true,"showFlares":true,"showImageEffects":true,"showParticleSystems":true},"in2DMode":false,"pivot":{"x":-22.175453186035158,"y":26.290176391601564,"z":130.93687438964845},"rotation":{"x":-0.23536370694637299,"y":-0.44734930992126467,"z":0.12310005724430084,"w":-0.8541433215141296},"size":32.25046157836914,"orthographic":false}